"","Institution","Test","# of Items","Max Possible"
"1","CUJK","CUJK_Year1",36,43
"2","CUJK","CUJK_Pre_m5",10,15
"3","CUJK","CUJK_Pre_m6",11,12
"4","CUJK","CUJK_Post",34,43
"5","CUKK","CUKK_Year1",16,18
"6","CUKK","CUKK_Pre_m1",3,3
"7","CUKK","CUKK_Pre_m2",4,5
"8","CUKK","CUKK_Post",34,35
"9","Metro","Metro_Year1_cl3",22,22
"10","Metro","Metro_Year1_cl8",18,17
"11","Metro","Metro_Pre_cl13",8,8
"12","Metro","Metro_Pre_cl18",7,7
"13","Metro","Metro_Post_cl13",18,18
"14","Metro","Metro_Post_cl18",20,20
"15","STMU","STMU_Year1_cl4",26,35
"16","STMU","STMU_Year1_cl9",12,20
"17","STMU","STMU_Pre_cl14",6,8
"18","STMU","STMU_Pre_cl19",6,10
"19","STMU","STMU_Post_cl14",47,54
"20","STMU","STMU_Post_cl19",45,47
"21","UCD","UCD_Year1_cl5",4,8
"22","UCD","UCD_Pre_m3",4,6
"23","UCD","UCD_Pre_m4",5,7
"24","UCD","UCD_Post",9,13
"25","UGA","UGA_Year1",17,22
"26","UGA","UGA_Pre_m7",5,7
"27","UGA","UGA_Pre_m8",5,6
"28","UGA","UGA_Post_m7",5,7
"29","UGA","UGA_Post_m8",5,6
